--liquibase formatted sql

--changeset dgilev:1
INSERT INTO flight (id, number, departure_date_time, arrival_date_time, departure_airport_id, arrival_airport_id)
VALUES
    (1, 'SU-1001', '2024-01-15 08:00:00.000000', '2024-01-15 10:30:00.000000', 746, 749),
    (2, 'SU-1002', '2024-01-15 12:00:00.000000', '2024-01-15 14:45:00.000000', 747, 750),
    (3, 'SU-1003', '2024-01-15 16:30:00.000000', '2024-01-15 19:15:00.000000', 748, 751),
    (4, 'SU-1004', '2024-01-16 07:45:00.000000', '2024-01-16 11:30:00.000000', 749, 752),
    (5, 'SU-1005', '2024-01-16 13:20:00.000000', '2024-01-16 16:05:00.000000', 750, 753),
    (6, 'SU-1006', '2024-01-16 18:00:00.000000', '2024-01-16 21:45:00.000000', 751, 754),
    (7, 'SU-1007', '2024-01-17 06:30:00.000000', '2024-01-17 09:15:00.000000', 752, 755),
    (8, 'SU-1008', '2024-01-17 11:45:00.000000', '2024-01-17 14:30:00.000000', 753, 756),
    (9, 'SU-1009', '2024-01-17 17:20:00.000000', '2024-01-17 20:05:00.000000', 754, 757),
    (10, 'SU-1010', '2024-01-18 08:15:00.000000', '2024-01-18 12:00:00.000000', 755, 758),
    (11, 'SU-1011', '2024-01-18 14:30:00.000000', '2024-01-18 17:15:00.000000', 756, 759),
    (12, 'SU-1012', '2024-01-18 19:45:00.000000', '2024-01-18 22:30:00.000000', 757, 760),
    (13, 'SU-1013', '2024-01-19 07:00:00.000000', '2024-01-19 09:45:00.000000', 758, 761),
    (14, 'SU-1014', '2024-01-19 12:30:00.000000', '2024-01-19 15:15:00.000000', 759, 762),
    (15, 'SU-1015', '2024-01-19 18:15:00.000000', '2024-01-19 21:00:00.000000', 760, 763),
    (16, 'SU-1016', '2024-01-20 06:45:00.000000', '2024-01-20 10:30:00.000000', 761, 764),
    (17, 'SU-1017', '2024-01-20 13:00:00.000000', '2024-01-20 15:45:00.000000', 762, 765),
    (18, 'SU-1018', '2024-01-20 17:30:00.000000', '2024-01-20 20:15:00.000000', 763, 766),
    (19, 'SU-1019', '2024-01-21 08:30:00.000000', '2024-01-21 11:15:00.000000', 764, 767),
    (20, 'SU-1020', '2024-01-21 14:45:00.000000', '2024-01-21 18:30:00.000000', 765, 768),
    (21, 'SU-1021', '2024-01-22 09:00:00.000000', '2024-01-22 12:30:00.000000', 766, 769),
    (22, 'SU-1022', '2024-01-22 15:15:00.000000', '2024-01-22 18:00:00.000000', 767, 770),
    (23, 'SU-1023', '2024-01-23 07:30:00.000000', '2024-01-23 10:15:00.000000', 768, 771),
    (24, 'SU-1024', '2024-01-23 12:45:00.000000', '2024-01-23 16:30:00.000000', 769, 772),
    (25, 'SU-1025', '2024-01-24 08:00:00.000000', '2024-01-24 11:45:00.000000', 770, 773),
    (26, 'SU-1026', '2024-01-24 14:20:00.000000', '2024-01-24 17:05:00.000000', 771, 774),
    (27, 'SU-1027', '2024-01-25 06:45:00.000000', '2024-01-25 09:30:00.000000', 772, 775),
    (28, 'SU-1028', '2024-01-25 11:30:00.000000', '2024-01-25 14:15:00.000000', 773, 776),
    (29, 'SU-1029', '2024-01-26 16:00:00.000000', '2024-01-26 18:45:00.000000', 774, 777),
    (30, 'SU-1030', '2024-01-26 20:30:00.000000', '2024-01-26 23:15:00.000000', 775, 778),
    (31, 'SU-1031', '2024-01-27 07:15:00.000000', '2024-01-27 10:00:00.000000', 776, 779),
    (32, 'SU-1032', '2024-01-27 13:45:00.000000', '2024-01-27 16:30:00.000000', 777, 780),
    (33, 'SU-1033', '2024-01-28 09:30:00.000000', '2024-01-28 12:15:00.000000', 778, 781),
    (34, 'SU-1034', '2024-01-28 15:00:00.000000', '2024-01-28 17:45:00.000000', 779, 782),
    (35, 'SU-1035', '2024-01-29 08:45:00.000000', '2024-01-29 11:30:00.000000', 780, 783),
    (36, 'SU-1036', '2024-01-29 14:15:00.000000', '2024-01-29 17:00:00.000000', 781, 784),
    (37, 'SU-1037', '2024-01-30 07:00:00.000000', '2024-01-30 09:45:00.000000', 782, 785),
    (38, 'SU-1038', '2024-01-30 12:30:00.000000', '2024-01-30 15:15:00.000000', 783, 786),
    (39, 'SU-1039', '2024-01-31 17:45:00.000000', '2024-01-31 20:30:00.000000', 784, 787),
    (40, 'SU-1040', '2024-02-01 06:20:00.000000', '2024-02-01 09:05:00.000000', 785, 788),
    (41, 'SU-1041', '2024-02-01 11:00:00.000000', '2024-02-01 13:45:00.000000', 786, 789),
    (42, 'SU-1042', '2024-02-02 16:30:00.000000', '2024-02-02 19:15:00.000000', 787, 790),
    (43, 'SU-1043', '2024-02-02 21:00:00.000000', '2024-02-02 23:45:00.000000', 788, 791),
    (44, 'SU-1044', '2024-02-03 08:15:00.000000', '2024-02-03 11:00:00.000000', 789, 792),
    (45, 'SU-1045', '2024-02-03 13:45:00.000000', '2024-02-03 16:30:00.000000', 790, 793),
    (46, 'SU-1046', '2024-02-04 07:30:00.000000', '2024-02-04 10:15:00.000000', 791, 794),
    (47, 'SU-1047', '2024-02-04 12:00:00.000000', '2024-02-04 14:45:00.000000', 792, 795),
    (48, 'SU-1048', '2024-02-05 17:20:00.000000', '2024-02-05 20:05:00.000000', 793, 796),
    (49, 'SU-1049', '2024-02-05 22:00:00.000000', '2024-02-06 00:45:00.000000', 794, 797),
    (50, 'SU-1050', '2024-02-06 09:45:00.000000', '2024-02-06 12:30:00.000000', 795, 798),
    (51, 'SU-1051', '2024-02-06 15:15:00.000000', '2024-02-06 18:00:00.000000', 796, 799),
    (52, 'SU-1052', '2024-02-07 07:00:00.000000', '2024-02-07 09:45:00.000000', 797, 800),
    (53, 'SU-1053', '2024-02-07 12:30:00.000000', '2024-02-07 15:15:00.000000', 798, 801),
    (54, 'SU-1054', '2024-02-08 17:45:00.000000', '2024-02-08 20:30:00.000000', 799, 802),
    (55, 'SU-1055', '2024-02-08 22:15:00.000000', '2024-02-09 01:00:00.000000', 800, 803),
    (56, 'SU-1056', '2024-02-09 08:30:00.000000', '2024-02-09 11:15:00.000000', 801, 804),
    (57, 'SU-1057', '2024-02-09 14:00:00.000000', '2024-02-09 16:45:00.000000', 802, 805),
    (58, 'SU-1058', '2024-02-10 06:45:00.000000', '2024-02-10 09:30:00.000000', 803, 806),
    (59, 'SU-1059', '2024-02-10 11:20:00.000000', '2024-02-10 14:05:00.000000', 804, 807),
    (60, 'SU-1060', '2024-02-11 16:50:00.000000', '2024-02-11 19:35:00.000000', 805, 808),
    (61, 'SU-1061', '2024-02-11 21:15:00.000000', '2024-02-12 00:00:00.000000', 806, 809),
    (62, 'SU-1062', '2024-02-12 07:40:00.000000', '2024-02-12 10:25:00.000000', 807, 810),
    (63, 'SU-1063', '2024-02-12 13:10:00.000000', '2024-02-12 15:55:00.000000', 808, 811),
    (64, 'SU-1064', '2024-02-13 08:25:00.000000', '2024-02-13 11:10:00.000000', 809, 812),
    (65, 'SU-1065', '2024-02-13 14:50:00.000000', '2024-02-13 17:35:00.000000', 810, 813),
    (66, 'SU-1066', '2024-02-14 06:15:00.000000', '2024-02-14 09:00:00.000000', 811, 814),
    (67, 'SU-1067', '2024-02-14 11:45:00.000000', '2024-02-14 14:30:00.000000', 812, 815),
    (68, 'SU-1068', '2024-02-15 17:10:00.000000', '2024-02-15 19:55:00.000000', 813, 816),
    (69, 'SU-1069', '2024-02-15 22:35:00.000000', '2024-02-16 01:20:00.000000', 814, 817),
    (70, 'SU-1070', '2024-02-16 09:00:00.000000', '2024-02-16 11:45:00.000000', 815, 818),
    (71, 'SU-1071', '2024-02-16 15:25:00.000000', '2024-02-16 18:10:00.000000', 816, 819),
    (72, 'SU-1072', '2024-02-17 07:50:00.000000', '2024-02-17 10:35:00.000000', 817, 820),
    (73, 'SU-1073', '2024-02-17 13:15:00.000000', '2024-02-17 16:00:00.000000', 818, 821),
    (74, 'SU-1074', '2024-02-18 18:40:00.000000', '2024-02-18 21:25:00.000000', 819, 822),
    (75, 'SU-1075', '2024-02-18 23:05:00.000000', '2024-02-19 01:50:00.000000', 820, 823),
    (76, 'SU-1076', '2024-02-19 08:20:00.000000', '2024-02-19 11:05:00.000000', 821, 824),
    (77, 'SU-1077', '2024-02-19 14:55:00.000000', '2024-02-19 17:40:00.000000', 822, 825),
    (78, 'SU-1078', '2024-02-20 06:30:00.000000', '2024-02-20 09:15:00.000000', 823, 826),
    (79, 'SU-1079', '2024-02-20 12:05:00.000000', '2024-02-20 14:50:00.000000', 824, 827),
    (80, 'SU-1080', '2024-02-21 17:30:00.000000', '2024-02-21 20:15:00.000000', 825, 828),
    (81, 'SU-1081', '2024-02-21 22:00:00.000000', '2024-02-22 00:45:00.000000', 826, 829),
    (82, 'SU-1082', '2024-02-22 07:25:00.000000', '2024-02-22 10:10:00.000000', 827, 830),
    (83, 'SU-1083', '2024-02-22 13:50:00.000000', '2024-02-22 16:35:00.000000', 828, 831),
    (84, 'SU-1084', '2024-02-23 08:15:00.000000', '2024-02-23 11:00:00.000000', 829, 832),
    (85, 'SU-1085', '2024-02-23 14:40:00.000000', '2024-02-23 17:25:00.000000', 830, 833),
    (86, 'SU-1086', '2024-02-24 06:05:00.000000', '2024-02-24 08:50:00.000000', 831, 834),
    (87, 'SU-1087', '2024-02-24 11:35:00.000000', '2024-02-24 14:20:00.000000', 832, 835),
    (88, 'SU-1088', '2024-02-25 17:00:00.000000', '2024-02-25 19:45:00.000000', 833, 836),
    (89, 'SU-1089', '2024-02-25 21:30:00.000000', '2024-02-26 00:15:00.000000', 834, 837),
    (90, 'SU-1090', '2024-02-26 08:55:00.000000', '2024-02-26 11:40:00.000000', 835, 838),
    (91, 'SU-1091', '2024-02-26 15:20:00.000000', '2024-02-26 18:05:00.000000', 836, 839),
    (92, 'SU-1092', '2024-02-27 07:45:00.000000', '2024-02-27 10:30:00.000000', 837, 840),
    (93, 'SU-1094', '2024-02-28 18:35:00.000000', '2024-02-28 21:20:00.000000', 838, 841),
    (94, 'SU-1095', '2024-02-28 23:00:00.000000', '2024-02-29 01:45:00.000000', 839, 842),
    (95, 'SU-1096', '2024-02-29 08:25:00.000000', '2024-02-29 11:10:00.000000', 840, 843),
    (96, 'SU-1097', '2024-02-29 14:50:00.000000', '2024-02-29 17:35:00.000000', 841, 844),
    (97, 'SU-1098', '2024-03-01 06:15:00.000000', '2024-03-01 09:00:00.000000', 842, 845),
    (98, 'SU-1099', '2024-03-01 11:40:00.000000', '2024-03-01 14:25:00.000000', 843, 846),
    (99, 'SU-1100', '2024-03-02 17:05:00.000000', '2024-03-02 19:50:00.000000', 844, 847);

--changeset dgilev:2
INSERT INTO flight_crew (flight_id, crew_id)
VALUES  (1, 101), (1, 102), (1, 103), (1, 104), (1, 105), (1, 106), (1, 107), (1, 108),
        (2, 111), (2, 112), (2, 113), (2, 114), (2, 115), (2, 116), (2, 117), (2, 118),
        (3, 121), (3, 122), (3, 123), (3, 124), (3, 125), (3, 126), (3, 127), (3, 128),
        (4, 131), (4, 132), (4, 133), (4, 134), (4, 135), (4, 136), (4, 137), (4, 138),
        (5, 141), (5, 142), (5, 143), (5, 144), (5, 145), (5, 146), (5, 147), (5, 148),
        (6, 151), (6, 152), (6, 153), (6, 154), (6, 155), (6, 156), (6, 157), (6, 158),
        (7, 161), (7, 162), (7, 163), (7, 164), (7, 165), (7, 166), (7, 167), (7, 168),
        (8, 171), (8, 172), (8, 173), (8, 174), (8, 175), (8, 176), (8, 177), (8, 178),
        (9, 181), (9, 182), (9, 183), (9, 184), (9, 185), (9, 186), (9, 187), (9, 188),
        (10, 191), (10, 192), (10, 193), (10, 194), (10, 195), (10, 196), (10, 197), (10, 198),
        (11, 101), (11, 103), (11, 105), (11, 107), (11, 109), (11, 111), (11, 113), (11, 115),
        (12, 102), (12, 104), (12, 106), (12, 108), (12, 110), (12, 112), (12, 114), (12, 116),
        (13, 117), (13, 119), (13, 121), (13, 123), (13, 125), (13, 127), (13, 129), (13, 131),
        (14, 118), (14, 120), (14, 122), (14, 124), (14, 126), (14, 128), (14, 130), (14, 132),
        (15, 133), (15, 135), (15, 137), (15, 139), (15, 141), (15, 143), (15, 145), (15, 147),
        (16, 134), (16, 136), (16, 138), (16, 140), (16, 142), (16, 144), (16, 146), (16, 148),
        (17, 149), (17, 151), (17, 153), (17, 155), (17, 157), (17, 159), (17, 161), (17, 163),
        (18, 150), (18, 152), (18, 154), (18, 156), (18, 158), (18, 160), (18, 162), (18, 164),
        (19, 165), (19, 167), (19, 169), (19, 171), (19, 173), (19, 175), (19, 177), (19, 179),
        (20, 166), (20, 168), (20, 170), (20, 172), (20, 174), (20, 176), (20, 178), (20, 180),
        (21, 181), (21, 183), (21, 185), (21, 187), (21, 189), (21, 191), (21, 193), (21, 195),
        (22, 182), (22, 184), (22, 186), (22, 188), (22, 190), (22, 192), (22, 194), (22, 196),
        (23, 101), (23, 104), (23, 107), (23, 110), (23, 113), (23, 116), (23, 119), (23, 122),
        (24, 102), (24, 105), (24, 108), (24, 111), (24, 114), (24, 117), (24, 120), (24, 123),
        (25, 125), (25, 128), (25, 131), (25, 134), (25, 137), (25, 140), (25, 143), (25, 146);

--changeset dgilev:3
INSERT INTO booking (number, booking_date, flight_id, total_amount, status)
VALUES   ('BK-000001', '2024-01-10', 1, 15000, 'CONFIRMED'),
         ('BK-000002', '2024-01-10', 1, 15000, 'CONFIRMED'),
         ('BK-000003', '2024-01-11', 1, 25000, 'COMPLETED'),
         ('BK-000004', '2024-01-11', 2, 12000, 'CANCELED'),
         ('BK-000005', '2024-01-12', 2, 12000, 'CONFIRMED'),
         ('BK-000006', '2024-01-12', 3, 18000, 'COMPLETED'),
         ('BK-000007', '2024-01-13', 3, 18000, 'CONFIRMED'),
         ('BK-000008', '2024-01-13', 4, 22000, 'CANCELED'),
         ('BK-000009', '2024-01-14', 4, 22000, 'CONFIRMED'),
         ('BK-000010', '2024-01-14', 5, 16000, 'COMPLETED'),
         ('BK-000011', '2024-01-15', 5, 16000, 'CONFIRMED'),
         ('BK-000012', '2024-01-15', 6, 19000, 'CANCELED'),
         ('BK-000013', '2024-01-16', 6, 19000, 'CONFIRMED'),
         ('BK-000014', '2024-01-16', 7, 21000, 'COMPLETED'),
         ('BK-000015', '2024-01-17', 7, 21000, 'CONFIRMED'),
         ('BK-000016', '2024-01-17', 8, 14000, 'CANCELED'),
         ('BK-000017', '2024-01-18', 8, 14000, 'CONFIRMED'),
         ('BK-000018', '2024-01-18', 9, 17000, 'COMPLETED'),
         ('BK-000019', '2024-01-19', 9, 17000, 'CONFIRMED'),
         ('BK-000020', '2024-01-19', 10, 23000, 'CANCELED'),
         ('BK-000021', '2024-01-20', 10, 23000, 'CONFIRMED'),
         ('BK-000022', '2024-01-20', 11, 15500, 'COMPLETED'),
         ('BK-000023', '2024-01-21', 11, 15500, 'CONFIRMED'),
         ('BK-000024', '2024-01-21', 12, 12500, 'CANCELED'),
         ('BK-000025', '2024-01-22', 12, 12500, 'CONFIRMED'),
         ('BK-000026', '2024-01-22', 13, 18500, 'COMPLETED'),
         ('BK-000027', '2024-01-23', 13, 18500, 'CONFIRMED'),
         ('BK-000028', '2024-01-23', 14, 22500, 'CANCELED'),
         ('BK-000029', '2024-01-24', 14, 22500, 'CONFIRMED'),
         ('BK-000030', '2024-01-24', 15, 16500, 'COMPLETED'),
         ('BK-000031', '2024-01-25', 15, 16500, 'CONFIRMED'),
         ('BK-000032', '2024-01-25', 16, 19500, 'CANCELED'),
         ('BK-000033', '2024-01-26', 16, 19500, 'CONFIRMED'),
         ('BK-000034', '2024-01-26', 17, 21500, 'COMPLETED'),
         ('BK-000035', '2024-01-27', 17, 21500, 'CONFIRMED'),
         ('BK-000036', '2024-01-27', 18, 14500, 'CANCELED'),
         ('BK-000037', '2024-01-28', 18, 14500, 'CONFIRMED'),
         ('BK-000038', '2024-01-28', 19, 17500, 'COMPLETED'),
         ('BK-000039', '2024-01-29', 19, 17500, 'CONFIRMED'),
         ('BK-000040', '2024-01-29', 20, 23500, 'CANCELED'),
         ('BK-000041', '2024-01-30', 20, 23500, 'CONFIRMED'),
         ('BK-000042', '2024-01-30', 21, 15800, 'COMPLETED'),
         ('BK-000043', '2024-01-31', 21, 15800, 'CONFIRMED'),
         ('BK-000044', '2024-01-31', 22, 12800, 'CANCELED'),
         ('BK-000045', '2024-02-01', 22, 12800, 'CONFIRMED'),
         ('BK-000046', '2024-02-01', 23, 18800, 'COMPLETED'),
         ('BK-000047', '2024-02-02', 23, 18800, 'CONFIRMED'),
         ('BK-000048', '2024-02-02', 24, 22800, 'CANCELED'),
         ('BK-000049', '2024-02-03', 24, 22800, 'CONFIRMED'),
         ('BK-000050', '2024-02-03', 25, 16800, 'COMPLETED'),
         ('BK-000051', '2024-02-04', 25, 16800, 'CONFIRMED'),
         ('BK-000052', '2024-02-04', 26, 19800, 'CANCELED'),
         ('BK-000053', '2024-02-05', 26, 19800, 'CONFIRMED'),
         ('BK-000054', '2024-02-05', 27, 21800, 'COMPLETED'),
         ('BK-000055', '2024-02-06', 27, 21800, 'CONFIRMED'),
         ('BK-000056', '2024-02-06', 28, 14800, 'CANCELED'),
         ('BK-000057', '2024-02-07', 28, 14800, 'CONFIRMED'),
         ('BK-000058', '2024-02-07', 29, 17800, 'COMPLETED'),
         ('BK-000059', '2024-02-08', 29, 17800, 'CONFIRMED'),
         ('BK-000060', '2024-02-08', 30, 23800, 'CANCELED'),
         ('BK-000061', '2024-02-09', 30, 23800, 'CONFIRMED'),
         ('BK-000062', '2024-02-09', 31, 15200, 'COMPLETED'),
         ('BK-000063', '2024-02-10', 31, 15200, 'CONFIRMED'),
         ('BK-000064', '2024-02-10', 32, 12200, 'CANCELED'),
         ('BK-000065', '2024-02-11', 32, 12200, 'CONFIRMED'),
         ('BK-000066', '2024-02-11', 33, 18200, 'COMPLETED'),
         ('BK-000067', '2024-02-12', 33, 18200, 'CONFIRMED'),
         ('BK-000068', '2024-02-12', 34, 22200, 'CANCELED'),
         ('BK-000069', '2024-02-13', 34, 22200, 'CONFIRMED'),
         ('BK-000070', '2024-02-13', 35, 16200, 'COMPLETED'),
         ('BK-000071', '2024-02-14', 35, 16200, 'CONFIRMED'),
         ('BK-000072', '2024-02-14', 36, 19200, 'CANCELED'),
         ('BK-000073', '2024-02-15', 36, 19200, 'CONFIRMED'),
         ('BK-000074', '2024-02-15', 37, 21200, 'COMPLETED'),
         ('BK-000075', '2024-02-16', 37, 21200, 'CONFIRMED'),
         ('BK-000076', '2024-02-16', 38, 14200, 'CANCELED'),
         ('BK-000077', '2024-02-17', 38, 14200, 'CONFIRMED'),
         ('BK-000078', '2024-02-17', 39, 17200, 'COMPLETED'),
         ('BK-000079', '2024-02-18', 39, 17200, 'CONFIRMED'),
         ('BK-000080', '2024-02-18', 40, 23200, 'CANCELED'),
         ('BK-000081', '2024-02-19', 40, 23200, 'CONFIRMED'),
         ('BK-000082', '2024-02-19', 41, 15700, 'COMPLETED'),
         ('BK-000083', '2024-02-20', 41, 15700, 'CONFIRMED'),
         ('BK-000084', '2024-02-20', 42, 12700, 'CANCELED'),
         ('BK-000085', '2024-02-21', 42, 12700, 'CONFIRMED'),
         ('BK-000086', '2024-02-21', 43, 18700, 'COMPLETED'),
         ('BK-000087', '2024-02-22', 43, 18700, 'CONFIRMED'),
         ('BK-000088', '2024-02-22', 44, 22700, 'CANCELED'),
         ('BK-000089', '2024-02-23', 44, 22700, 'CONFIRMED'),
         ('BK-000090', '2024-02-23', 45, 16700, 'COMPLETED'),
         ('BK-000091', '2024-02-24', 45, 16700, 'CONFIRMED'),
         ('BK-000092', '2024-02-24', 46, 19700, 'CANCELED'),
         ('BK-000093', '2024-02-25', 46, 19700, 'CONFIRMED'),
         ('BK-000094', '2024-02-25', 47, 21700, 'COMPLETED'),
         ('BK-000095', '2024-02-26', 47, 21700, 'CONFIRMED'),
         ('BK-000096', '2024-02-26', 48, 14700, 'CANCELED'),
         ('BK-000097', '2024-02-27', 48, 14700, 'CONFIRMED'),
         ('BK-000098', '2024-02-27', 49, 17700, 'COMPLETED'),
         ('BK-000099', '2024-02-28', 49, 17700, 'CONFIRMED'),
         ('BK-000100', '2024-02-28', 50, 23700, 'CANCELED');

--changeset dgilev:4
INSERT INTO booking_passenger (booking_id, passenger_id)
VALUES  (301, 2), (302, 3), (303, 4), (304, 5), (305, 6), (306, 7), (307, 8), (308, 9), (309, 10),
        (310, 11), (311, 12), (312, 13), (313, 14), (314, 15), (315, 16), (316, 17), (317, 18), (318, 19), (319, 20),
        (320, 21), (321, 22), (322, 23), (323, 24), (324, 25), (325, 26), (326, 27), (327, 28), (328, 29), (329, 30),
        (330, 31), (331, 32), (332, 33), (333, 34), (334, 35), (335, 36), (336, 37), (337, 38), (338, 39), (339, 40),
        (340, 41), (341, 42), (342, 43), (343, 44), (344, 45), (345, 46), (346, 47), (347, 48), (348, 49), (349, 50),
        (350, 51), (351, 52), (352, 53), (353, 54), (354, 55), (355, 56), (356, 57), (357, 58), (358, 59), (359, 60),
        (360, 61), (361, 62), (362, 63), (363, 64), (364, 65), (365, 66), (366, 67), (367, 68), (368, 69), (369, 70),
        (370, 71), (371, 72), (372, 73), (373, 74), (374, 75), (375, 76), (376, 77), (377, 78), (378, 79), (379, 80),
        (380, 81), (381, 82), (382, 83), (383, 84), (384, 85), (385, 86), (386, 87), (387, 88), (388, 89), (389, 90),
        (390, 91), (391, 92), (392, 93), (393, 94), (394, 1);

--changeset dgilev:5
INSERT INTO booking_seat (booking_id, seat_id)
VALUES
    (301, 3), (301, 4),
    (302, 5), (302, 6),
    (303, 7), (303, 8),
    (304, 9), (304, 10),
    (305, 13), (305, 14),
    (306, 15), (306, 16),
    (307, 19), (307, 20),
    (308, 21), (308, 22),
    (309, 25), (309, 26),
    (310, 27), (310, 28),
    (311, 31), (311, 32),
    (312, 33), (312, 34),
    (313, 37), (313, 38),
    (314, 39), (314, 40),
    (315, 43), (315, 44),
    (316, 45), (316, 46),
    (317, 49), (317, 50),
    (318, 51), (318, 52),
    (319, 55), (319, 56),
    (320, 57), (320, 58),
    (321, 61), (321, 62),
    (322, 63), (322, 64),
    (323, 67), (323, 68),
    (324, 69), (324, 70),
    (325, 73), (325, 74),
    (326, 75), (326, 76),
    (327, 79), (327, 80),
    (328, 81), (328, 82),
    (329, 85), (329, 86),
    (330, 87), (330, 88),
    (331, 91), (331, 92),
    (332, 93), (332, 94),
    (333, 97), (333, 98),
    (334, 99), (334, 100),
    (335, 103), (335, 104),
    (336, 105), (336, 106),
    (337, 109), (337, 110),
    (338, 111), (338, 112),
    (339, 115), (339, 116),
    (340, 117), (340, 118),
    (341, 121), (341, 122),
    (342, 123), (342, 124),
    (343, 127), (343, 128),
    (344, 129), (344, 130),
    (345, 133), (345, 134),
    (346, 135), (346, 136),
    (347, 139), (347, 140),
    (348, 141), (348, 142),
    (349, 145), (349, 146),
    (350, 147), (350, 148),
    (351, 151), (351, 152),
    (352, 153), (352, 154),
    (353, 157), (353, 158),
    (354, 159), (354, 160),
    (355, 163), (355, 164),
    (356, 165), (356, 166),
    (357, 169), (357, 170),
    (358, 171), (358, 172),
    (359, 175), (359, 176),
    (360, 177), (360, 178),
    (361, 181), (361, 182),
    (362, 183), (362, 184),
    (363, 187), (363, 188),
    (364, 189), (364, 190),
    (365, 193), (365, 194),
    (366, 195), (366, 196),
    (367, 199), (367, 200),
    (368, 201), (368, 202),
    (369, 205), (369, 206),
    (370, 207), (370, 208),
    (371, 211), (371, 212),
    (372, 213), (372, 214),
    (373, 217), (373, 218),
    (374, 219), (374, 220),
    (375, 223), (375, 224),
    (376, 225), (376, 226),
    (377, 229), (377, 230),
    (378, 231), (378, 232),
    (379, 235), (379, 236),
    (380, 237), (380, 238),
    (381, 241), (381, 242),
    (382, 243), (382, 244),
    (383, 247), (383, 248),
    (384, 249), (384, 250),
    (385, 253), (385, 254),
    (386, 255), (386, 256),
    (387, 259), (387, 260),
    (388, 261), (388, 262),
    (389, 265), (389, 266),
    (390, 267), (390, 268),
    (391, 271), (391, 272),
    (392, 273), (392, 274),
    (393, 277), (393, 278),
    (394, 279), (394, 280),
    (395, 283), (395, 284),
    (396, 285), (396, 286),
    (397, 289), (397, 290),
    (398, 291), (398, 292),
    (399, 295), (399, 296),
    (400, 1), (400, 2);